id,plugin_id,event,priority,del_flg,handler,handler_type,create_date,update_date
1,2,admin.product.edit.initialize,400,0,onAdminProductFormInitialize,NORMAL,"2021-05-12 15:42:37","2021-05-12 15:42:37"
2,2,admin.product.edit.complete,400,0,onAdminProductEditComplete,NORMAL,"2021-05-12 15:42:37","2021-05-12 15:42:37"
3,3,eccube.event.render.shopping.before,400,0,onRenderShoppingBefore,NORMAL,"2021-05-17 15:36:20","2021-05-17 15:36:20"
4,3,eccube.event.render.mypage_history.before,400,0,onRenderMypageHistoryBefore,NORMAL,"2021-05-17 15:36:20","2021-05-17 15:36:20"
5,3,eccube.event.controller.shopping_confirm.before,400,0,onControllerShoppingConfirmBefore,NORMAL,"2021-05-17 15:36:20","2021-05-17 15:36:20"
6,3,eccube.event.controller.shopping_complete.before,400,0,onControllerShoppingCompleteBefore,NORMAL,"2021-05-17 15:36:20","2021-05-17 15:36:20"
7,3,eccube.event.render.admin_order_edit.before,400,0,onRenderAdminOrderEditBefore,NORMAL,"2021-05-17 15:36:20","2021-05-17 15:36:20"
8,3,eccube.event.controller.admin_order_edit.after,400,0,onControllerOrderEditAfter,NORMAL,"2021-05-17 15:36:20","2021-05-17 15:36:20"
9,3,eccube.event.controller.admin_order_delete.after,400,0,onControllerOrderDeleteAfter,NORMAL,"2021-05-17 15:36:20","2021-05-17 15:36:20"
10,3,eccube.event.controller.shopping_delivery.after,400,0,onControllerRestoreDiscountAfter,NORMAL,"2021-05-17 15:36:20","2021-05-17 15:36:20"
11,3,eccube.event.controller.shopping_payment.after,400,0,onControllerRestoreDiscountAfter,NORMAL,"2021-05-17 15:36:20","2021-05-17 15:36:20"
12,3,eccube.event.controller.shopping_shipping.after,400,0,onControllerRestoreDiscountAfter,NORMAL,"2021-05-17 15:36:20","2021-05-17 15:36:20"
13,3,eccube.event.controller.shopping_shipping_edit.after,400,0,onControllerRestoreDiscountAfter,NORMAL,"2021-05-17 15:36:20","2021-05-17 15:36:20"
14,3,Shopping/index.twig,400,0,onRenderShoppingIndex,NORMAL,"2021-05-17 15:36:20","2021-05-17 15:36:20"
15,3,Mypage/history.twig,400,0,onRenderMypageHistory,NORMAL,"2021-05-17 15:36:20","2021-05-17 15:36:20"
16,3,front.shopping.complete.initialize,400,0,onRenderShoppingComplete,NORMAL,"2021-05-17 15:36:20","2021-05-17 15:36:20"
17,3,front.shopping.confirm.initialize,400,0,onShoppingConfirmInit,NORMAL,"2021-05-17 15:36:20","2021-05-17 15:36:20"
18,3,admin.order.edit.index.complete,400,0,onOrderEditComplete,NORMAL,"2021-05-17 15:36:20","2021-05-17 15:36:20"
19,3,admin.order.delete.complete,400,0,onOrderEditComplete,NORMAL,"2021-05-17 15:36:20","2021-05-17 15:36:20"
20,3,mail.order,400,0,onSendOrderMail,NORMAL,"2021-05-17 15:36:20","2021-05-17 15:36:20"
21,3,mail.admin.order,400,0,onSendOrderMail,NORMAL,"2021-05-17 15:36:20","2021-05-17 15:36:20"
22,3,Admin/Order/edit.twig,400,0,onRenderAdminOrderEdit,NORMAL,"2021-05-17 15:36:20","2021-05-17 15:36:20"
23,3,front.shopping.delivery.complete,400,0,onRestoreDiscount,NORMAL,"2021-05-17 15:36:20","2021-05-17 15:36:20"
24,3,front.shopping.payment.complete,400,0,onRestoreDiscount,NORMAL,"2021-05-17 15:36:20","2021-05-17 15:36:20"
25,3,front.shopping.shipping.complete,400,0,onRestoreDiscount,NORMAL,"2021-05-17 15:36:20","2021-05-17 15:36:20"
26,3,front.shopping.shipping.edit.complete,400,0,onRestoreDiscount,NORMAL,"2021-05-17 15:36:20","2021-05-17 15:36:20"
27,4,admin.product.edit.initialize,399,0,onAdminProductEditInitialize,NORMAL,"2021-05-17 15:48:09","2021-05-17 15:48:09"
28,4,admin.product.edit.complete,399,0,onAdminProductEditComplete,NORMAL,"2021-05-17 15:48:09","2021-05-17 15:48:09"
29,4,admin.customer.edit.index.initialize,400,0,onAdminCustomerEditIndexInitialize,NORMAL,"2021-05-17 15:48:09","2021-05-17 15:48:09"
30,4,admin.customer.edit.index.complete,400,0,onAdminCustomerEditIndexComplete,NORMAL,"2021-05-17 15:48:09","2021-05-17 15:48:09"
31,4,admin.order.edit.index.initialize,400,0,onAdminOrderEditIndexInitialize,NORMAL,"2021-05-17 15:48:09","2021-05-17 15:48:09"
32,4,admin.order.edit.index.complete,399,0,onAdminOrderEditIndexComplete,NORMAL,"2021-05-17 15:48:09","2021-05-17 15:48:09"
33,4,admin.order.delete.complete,399,0,onAdminOrderDeleteComplete,NORMAL,"2021-05-17 15:48:09","2021-05-17 15:48:09"
34,4,admin.order.mail.index.complete,400,0,onAdminOrderMailIndexComplete,NORMAL,"2021-05-17 15:48:09","2021-05-17 15:48:09"
35,4,admin.order.mail.mail.all.complete,400,0,onAdminOrderMailIndexComplete,NORMAL,"2021-05-17 15:48:09","2021-05-17 15:48:09"
36,4,front.shopping.confirm.processing,400,0,onFrontShoppingConfirmProcessing,NORMAL,"2021-05-17 15:48:09","2021-05-17 15:48:09"
37,4,service.shopping.notify.complete,400,0,onServiceShoppingNotifyComplete,NORMAL,"2021-05-17 15:48:09","2021-05-17 15:48:09"
38,4,Shopping/complete.twig,400,0,onRenderShoppingComplete,NORMAL,"2021-05-17 15:48:09","2021-05-17 15:48:09"
39,4,front.shopping.delivery.complete,399,0,onFrontChangeTotal,NORMAL,"2021-05-17 15:48:09","2021-05-17 15:48:09"
40,4,front.shopping.payment.complete,399,0,onFrontChangeTotal,NORMAL,"2021-05-17 15:48:09","2021-05-17 15:48:09"
41,4,front.shopping.shipping.complete,399,0,onFrontChangeTotal,NORMAL,"2021-05-17 15:48:09","2021-05-17 15:48:09"
42,4,front.shopping.shipping.edit.complete,399,0,onFrontChangeTotal,NORMAL,"2021-05-17 15:48:09","2021-05-17 15:48:09"
43,4,Admin/Order/edit.twig,399,0,onRenderAdminOrderEdit,NORMAL,"2021-05-17 15:48:09","2021-05-17 15:48:09"
44,4,Admin/Order/mail_confirm.twig,400,0,onRenderAdminOrderMailConfirm,NORMAL,"2021-05-17 15:48:09","2021-05-17 15:48:09"
45,4,Admin/Order/mail_all_confirm.twig,400,0,onRenderAdminOrderMailConfirm,NORMAL,"2021-05-17 15:48:09","2021-05-17 15:48:09"
46,4,Mypage/index.twig,400,0,onRenderMyPageIndex,NORMAL,"2021-05-17 15:48:09","2021-05-17 15:48:09"
47,4,Shopping/index.twig,399,0,onRenderShoppingIndex,NORMAL,"2021-05-17 15:48:09","2021-05-17 15:48:09"
48,4,Product/detail.twig,400,0,onRenderProductDetail,NORMAL,"2021-05-17 15:48:09","2021-05-17 15:48:09"
49,4,Cart/index.twig,400,0,onRenderCart,NORMAL,"2021-05-17 15:48:09","2021-05-17 15:48:09"
50,4,Mypage/history.twig,399,0,onRenderHistory,NORMAL,"2021-05-17 15:48:09","2021-05-17 15:48:09"
51,4,mail.order,399,0,onMailOrderComplete,NORMAL,"2021-05-17 15:48:09","2021-05-17 15:48:09"
52,4,mail.admin.order,399,0,onMailOrderComplete,NORMAL,"2021-05-17 15:48:09","2021-05-17 15:48:09"
53,5,admin.customer.edit.index.initialize,399,1,onAdminCustomerEditIndexInitialize,NORMAL,"2021-05-18 10:46:55","2021-07-02 11:06:14"
54,5,admin.customer.edit.index.complete,399,1,onAdminCustomerEditIndexComplete,NORMAL,"2021-05-18 10:46:55","2021-07-02 11:06:14"
55,5,front.mypage.change.index.initialize,400,1,onFrontMypageChangeIndexInitialize,NORMAL,"2021-05-18 10:46:55","2021-07-02 11:06:14"
56,5,front.mypage.change.index.complete,400,1,onFrontMypageChangeIndexComplete,NORMAL,"2021-05-18 10:46:55","2021-07-02 11:06:14"
